topic_str,text_s,label,seen?
2020 Census Battle,The debate over including a citizenship question on the census centers on whether its purpose is for legitimate statistical use or for partisan political advantage.,2,1
2020 Election,"The provided text presents a range of critical opinions of Joe Biden's candidacy, questioning his suitability and contrasting his approach with President Trump's during the coronavirus pandemic.",2,1
2020 Election,"From a left-leaning perspective, the text argues that while Biden is a deeply flawed, status-quo candidate chosen by a panicked establishment to defeat Trump, he is still the necessary vehicle to restore competent, empathetic governance and confront the unprecedented crises exacerbated by Trump's failed leadership.",0,1
2020 Election,"Here is a summary of the article from a right-leaning perspective in one sentence: Joe Biden is struggling to present a compelling alternative to President Trump during the COVID-19 pandemic, with his lackluster public appearances and failure to take a strong stance against China, revealing his unsuitability for leadership and reliance on rehashing past policies rather than offering new solutions.",1,1
2020 Election Update,"Here is a summary of the text in one sentence from a right-leaning perspective: The Democratic Party is recklessly embracing far-left socialism and overreaching government policies, nominating a candidate who is likely to be unelectable against President Trump, and ignoring the concerns of moderate voters who are increasingly being driven away by the party's extreme agenda.",1,1
2020 Election Update,"The text argues that the Democratic Party is moving significantly to the left on policy, creating internal tensions and potential electoral vulnerabilities for the 2020 presidential election.",2,1
1st 2020 Democratic Debate,"NBC and MSNBC shamelessly promoted Elizabeth Warren's radical, big-government agenda during the Democratic debate, showcasing a party dangerously out of touch with the economic prosperity and record-low unemployment achieved by conservative policies.",1,1
2020 Election Update,"From a left-leaning perspective, this collection of critiques, while fearing a general election loss to Trump due to an overly ambitious progressive agenda, ignores that the Democratic party's move toward bold policies like Medicare-for-All is a moral and popular response to systemic crises, and that the party's larger base provides a path to victory by energizing voters rejected by Trump's divisive politics.",0,1
2020 Election,"From a left-leaning perspective, this text argues that while Trump's disastrous handling of the pandemic and China reveals his profound failures, Biden must urgently shift from being an abstract alternative to a visible leader by proactively presenting detailed, progressive policy solutions to address the crisis and chart a course forward.",0,1
1st 2020 Democratic Debate,"Here is a summary of the articles from a left-leaning perspective in one sentence:

The first Democratic presidential debate highlighted the progressive credentials of candidates like Elizabeth Warren and Cory Booker, but was also marred by a lack of nuance in some of the questions and a glaring omission of climate change as a major topic of discussion until late in the debate.",0,1
2020 Census Battle,"Here is a summary of the article from a right-leaning perspective in one sentence:

The Trump administration's effort to include a citizenship question on the 2020 census is being unfairly maligned by Democrats and liberal groups, despite the fact that the question is a legitimate tool for gathering data that could help ensure fair representation and is used by many other countries, including Australia, Canada, and the UK.",1,1
1st 2020 Democratic Debate,"The recent Democratic presidential debate featured a crowded field of candidates with varying performances, sparking diverse reactions and commentary from various pundits and analysts.",2,1
2020 Update,"Here is a summary of the text from a left-leaning perspective in one sentence: Despite Trump's vulnerabilities on the economy and his divisive politics, Joe Biden remains the Democratic frontrunner due to his broad support among older voters, African Americans, and various income brackets, although his electability argument may be tested if the economy takes a turn for the worse and his rivals effectively challenge his record and message.",0,1
2020 Update,"The 2020 US presidential election is shaping up with Joe Biden as the current frontrunner for the Democratic nomination, while President Trump faces challenges from a potentially strong Democratic opponent and an uncertain economy.",2,1
2020 Census Battle,"From a right-leaning perspective, the Trump administration is lawfully reinstating a standard citizenship question to gather vital data for fair political representation, a practice recommended by the UN and used by numerous other countries, despite facing politically-motivated accusations and judicial challenges from opponents.",1,1
2020 Election Update,"Here is a summary of the text from a left-leaning perspective in one sentence:

The Democratic Party is embracing progressive policies and candidates, such as Kamala Harris, who support ambitious plans like Medicare for All, and while some critics warn that this shift to the left may alienate moderate voters, others argue that it's necessary to energize the party's base and counter Trump's unpopularity, and that nominating a more centrist candidate may not be enough to win over voters who are drawn to alternative candidates like Howard Schultz.",0,1
1st 2020 Democratic Debate,"Here is a summary of the article from a right-leaning perspective in one sentence: The first Democratic presidential debate showcased the party's far-left tendencies, with candidates like Elizabeth Warren and Cory Booker promoting radical policies and ignoring the current economic prosperity under President Trump.",1,1
2020 Census Battle,"A legal and political debate exists over the addition of a citizenship question to the 2020 census, with arguments concerning its necessity, potential partisan motives, and the risk of an undercount.",2,1
2020 Election Update,"From a left-leaning perspective, this collection of critiques, while attempting to portray the Democratic primary's progressive shift as a liability, actually highlights the party's long-overdue embrace of popular, bold policies like Medicare-for-All and a wealth tax, which are necessary to address systemic inequality and are energizing a base that is tired of the cautious centrism that has failed to deliver for working Americans.",0,1
1st 2020 Democratic Debate,"The first debate among Democratic presidential candidates featured a range of opinions and reactions, with some praising certain candidates' performances and others criticizing the debate's format and the candidates' policy proposals.",2,1
2020 Election,"Here is a summary of the articles from a right-leaning perspective in one sentence:

The Democratic Party's decision to stick with Joe Biden as their presidential nominee despite his gaffes and lack of vision is a desperate attempt to defeat President Trump by relying on the status quo, but ultimately, Trump's proactive leadership during the coronavirus pandemic may boost his re-election chances.",1,1
2020 Census Battle,"The Supreme Court is being asked to decide on the inclusion of a citizenship question on the 2020 census, a decision that has been politicized by liberal groups and Democratic leaders who are exaggerating fears about the census and ignoring the fact that federal law protects the confidentiality of census responses, while also disregarding the fact that many countries, including Western democracies, ask similar questions on their censuses, and that having accurate citizenship data is essential for ensuring equal representation and fair electoral districting.",1,1
2020 Election,"From a right-leaning perspective, Joe Biden is an ineffective and gaffe-prone leader whose campaign is based on a nostalgic return to the failed Obama-era status quo, leaving him ill-equipped to stand up to China or provide the strong, decisive leadership America needs in a crisis.",1,1
1st 2020 Democratic Debate,"From a left-leaning perspective, the debate highlighted Elizabeth Warren's populist vision to dismantle corporate power and use government to create opportunity for all, a necessary fight against entrenched GOP obstruction that requires building a massive grassroots movement to overcome a system rigged for the wealthy.",0,1
2020 Update,"Despite facing a flawed and divided Democratic field, President Trump's strong economic record and the Democrats' embrace of radical socialism present a clear path to victory in 2020.",1,1
2020 Update,"Here is a summary of the articles from a right-leaning perspective in one sentence:

The Democratic primary is shaping up to be a contest between establishment favorite Joe Biden, who is polling well among key demographics but has significant flaws, and more liberal candidates like Elizabeth Warren, who may struggle to appeal to moderate voters and working-class whites, potentially setting up a repeat of the 2004 election where a safe but flawed candidate lost to incumbent President Bush, a scenario that could ultimately benefit incumbent President Trump in his re-election bid.",1,1
1st 2020 Democratic Debate,"A collection of post-debate commentary offers various neutral critiques on the candidates' performances, policy discussions, and the debate's format.",2,1
2020 Election,The provided text presents a range of critical opinions on the leadership and strategies of both Joe Biden and Donald Trump during the coronavirus pandemic.,2,1
2020 Update,"From a left-leaning perspective, the current state of the 2020 Democratic primary and general election can be summarized as follows: Joe Biden remains the frontrunner due to his broad appeal across demographics, particularly among black voters, older voters, and those prioritizing electability over ideological purity, but his campaign's effectiveness is uncertain and the party may be settling for a ""safe"" candidate who, like John Kerry in 2004, may not inspire the base or win the general election, while Trump's re-election chances are threatened by his handling of issues like the economy, gun violence, and trade, and Democrats' energized and pragmatic approach may ultimately be to their advantage.",0,1
2020 Census Battle,"The inclusion of a citizenship question on the 2020 US census has sparked controversy, with some arguing it is a partisan power grab that could lead to the undercounting of certain populations, while others see it as a legitimate means of gathering data necessary for redistricting and policy decisions.",2,1
1st 2020 Democratic Debate,"Here is a summary of the article from a left-leaning perspective in one sentence: The first Democratic presidential debate highlighted the progressive credentials of candidates like Elizabeth Warren, while also revealing the challenges they face in addressing Republican obstruction and the need for a more nuanced and detailed discussion of issues like climate change and foreign policy.",0,1
2020 Election Update,"From a right-leaning perspective, the Democratic party has dangerously abandoned traditional American values by embracing a radical, socialist agenda of enormous government expansion, massive new taxes, and the elimination of personal choice, which risks alienating the broader electorate and handing President Trump a victory in 2020.",1,1
2020 Census Battle,"From a right-leaning perspective, the Trump administration's effort to add a citizenship question is a lawful and necessary measure, supported by international precedent and the constitutional principle of one-person, one-vote, to ensure fair representation and obtain crucial data on the citizen population, despite facing what is seen as a politically motivated legal challenge.",1,1
2020 Election Update,"The 2020 Democratic presidential candidates are perceived as having moved too far to the left, potentially alienating moderate voters and making it challenging for the party to win the general election against President Trump.",2,1
2020 Election,The articles discuss the challenges faced by both President Trump and presumptive Democratic nominee Joe Biden in responding to the COVID-19 pandemic and its potential impact on the 2020 US presidential election.,2,1
2020 Census Battle,"Newly revealed evidence exposes the Trump administration's push for a census citizenship question as a politically-motivated scheme to undercount minorities and rig electoral power in favor of Republicans, undermining a constitutional mandate for fair representation.",0,1
2020 Update,"From a left-leaning perspective, the primary concern is that internal Democratic attacks on Biden as an old, establishment figure risk amplifying right-wing talking points that will ultimately weaken the party's strongest electability argument against Trump in the general election.",0,1
1st 2020 Democratic Debate,"From a left-leaning perspective, the debate is criticized for its lack of substantive foreign policy discussion, its failure to address climate change with appropriate urgency, and its framing of questions in a way that promotes fear over nuance, while also highlighting how corporate media favors centrist candidates and underestimates the public's support for progressive policies like Medicare for All and a fundamental restructuring of the economy to benefit the working class.",0,1
2020 Election,"The articles discuss various perspectives on Joe Biden's and Donald Trump's handling of the COVID-19 pandemic, with some arguing that Biden is not effectively communicating his vision and others suggesting that Trump's response has been inadequate.",2,1
2020 Election,"From a right-leaning perspective, Joe Biden is an ineffective, gaffe-prone placeholder candidate who offers a weak return to the failed Obama-era status quo and is dangerously unprepared to stand up to China or lead the nation in a crisis, while President Trump is actively confronting the challenges at hand.",1,1
2020 Update,"From a left-leaning perspective, Biden's resilient, broad-based support and the Democratic electorate's energized pragmatism position him as the establishment's best chance to build a unifying, electable coalition against a vulnerable Trump, whose presidency is plagued by self-inflicted crises and a failing economic agenda.",0,1
2020 Update,"The 2020 Democratic primary is shaping up with Joe Biden as the current frontrunner, but his campaign faces challenges and uncertainties as he navigates a crowded field and prepares to face President Trump in the general election.",2,1
